Titel,Beschreibung
Cybersicherheitsrisiko,Gefahr von Hackerangriffen und Datenlecks die zu Datenverlust oder -diebstahl führen können
Marktpreisrisiko,Wertverlust durch ungünstige Marktpreisentwicklungen bei Produkten oder Rohstoffen
Personalausfall,Krankheitsbedingte oder ungeplante Ausfälle von Schlüsselpersonal
Lieferantenausfall,Ausfall wichtiger Zulieferer der die Produktionskette gefährdet
Compliance-Risiko,Nichteinhaltung von gesetzlichen Vorschriften und Regularien
Reputationsrisiko,Imageschaden durch negative Berichterstattung oder Social Media
Währungsrisiko,Verluste durch ungünstige Wechselkursänderungen bei internationalen Geschäften
IT-Systemausfall,Ausfall kritischer IT-Systeme und damit verbundene Produktionsunterbrechungen
Qualitätsrisiko,Mängel in der Produktqualität die zu Reklamationen und Rückrufaktionen führen
Liquiditätsrisiko,Mangelnde Zahlungsfähigkeit durch fehlende liquide Mittel
Wettbewerbsrisiko,Verlust von Marktanteilen durch neue oder aggressive Konkurrenten
Innovationsrisiko,Verpasste Technologietrends und mangelnde Innovationsfähigkeit
Umweltrisiko,Umweltschäden durch Produktionsprozesse oder Unfälle
Projektrisiko,Verzögerungen oder Kostenüberschreitungen bei wichtigen Projekten
Investitionsrisiko,Fehlinvestitionen in nicht rentable Geschäftsbereiche
Rohstoffrisiko,Engpässe oder Preisanstiege bei wichtigen Rohstoffen
Rechtliches Risiko,Rechtsstreitigkeiten und damit verbundene Kosten
Politisches Risiko,Politische Instabilität in wichtigen Absatzmärkten
Zinsänderungsrisiko,Erhöhte Finanzierungskosten durch steigende Zinsen
Technologierisiko,Technologische Überholung bestehender Produkte oder Prozesse
Betrugsrisiko,Interne oder externe betrügerische Handlungen
Naturkatastrophenrisiko,Schäden durch Naturereignisse wie Überschwemmungen oder Stürme
Arbeitsschutzrisiko,Arbeitsunfälle und Verletzungen von Mitarbeitern
Patentrisiko,Patentverletzungen oder -streitigkeiten
Outsourcingrisiko,Probleme mit ausgelagerten Geschäftsprozessen
Produkthaftungsrisiko,Schadenersatzforderungen aufgrund fehlerhafter Produkte
Standortrisiko,Ungünstige Entwicklung des Geschäftsstandorts
Steuerrisiko,Nachzahlungen oder Strafen durch fehlerhafte Steuerberechnungen
Kundenkonzentrationsrisiko,Zu starke Abhängigkeit von wenigen Großkunden
Datenqualitätsrisiko,Fehlerhafte oder unvollständige Geschäftsdaten
Energierisiko,Versorgungsengpässe oder stark steigende Energiekosten
Personalfluktuation,Hohe Mitarbeiterfluktuation und Wissensverlust
Prozessrisiko,Ineffiziente oder fehleranfällige Geschäftsprozesse
Kommunikationsrisiko,Missverständnisse durch mangelhafte interne Kommunikation
Strategierisiko,Fehlerhafte strategische Ausrichtung des Unternehmens
Immobilienrisiko,Wertverlust von Unternehmensimmobilien
Transportrisiko,Verzögerungen oder Schäden beim Warentransport
Produktionsrisiko,Störungen im Produktionsablauf
Vertriebsrisiko,Ineffektive Vertriebskanäle oder -strategien
Know-how-Verlust,Abwanderung von wichtigem Fachwissen
Digitalisierungsrisiko,Verpasste Chancen der digitalen Transformation
Nachfolgerisiko,Ungeklärte Nachfolgeregelung in der Unternehmensführung
Korruptionsrisiko,Bestechung und Korruption im Geschäftsumfeld
Exportrisiko,Handelsbeschränkungen in wichtigen Exportmärkten
Fusionsrisiko,Probleme bei Unternehmensübernahmen und -zusammenschlüssen
Dokumentationsrisiko,Mangelhafte Dokumentation von Geschäftsprozessen
Versicherungsrisiko,Unzureichender Versicherungsschutz
Budgetrisiko,Überschreitung geplanter Budgets
Planungsrisiko,Fehlerhafte Geschäftsplanung und Forecasts
Schnittstellenrisiko,Probleme bei der Integration verschiedener IT-Systeme
Stakeholderrisiko,Konflikte mit wichtigen Interessengruppen
Human Resource Risiko,Schwierigkeiten bei der Rekrutierung qualifizierter Mitarbeiter
Datenschutzrisiko,Verstöße gegen Datenschutzbestimmungen
Infrastrukturrisiko,Mängel in der technischen oder baulichen Infrastruktur
Innovationswiderstände,Interne Widerstände gegen Veränderungen und neue Technologien
